ID,Axis,SolidAxis,NoduleType,Cancer,Level,MalignantProb
0,5.292622543356439,0.0,1,0,1,0.29
1,5.089897405243057,0.0,1,0,1,0.2041015625
2,8.722994038816132,0.0,2,0,1,0.2197265625
3,4.590046583231438,0.0,2,0,2,0.6508789062
4,12.79926315467088,0.0,1,0,2,0.216796875
5,16.60924591961354,0.0,2,0,3,0.419921875
6,6.154764903340434,0.0,1,0,4,0.24169921879999998
7,9.218549323442762,0.0,2,1,4,0.75927734375
8,20.855221168810466,16.74858237341395,3,1,4,0.8623046875
9,12.084726939054661,0.0,1,1,4,0.517578125
